datasetID,method,auxData,metric,result
BREAST,scDesign2,scaledVar,KDEstat,-0.184478374
HOSTEOSARCOMA,scDesign2,scaledVar,KDEstat,3.336803014
HPROSTATE,scDesign2,scaledVar,KDEstat,6.954189783
MBRAIN,scDesign2,scaledVar,KDEstat,0.620771115
MCATUMOR,scDesign2,scaledVar,KDEstat,0.342120047
MCORTEX,scDesign2,scaledVar,KDEstat,2.007416003
MGASTRULA,scDesign2,scaledVar,KDEstat,-0.146747505
MOBNEW,scDesign2,scaledVar,KDEstat,-0.3139057
MUSCLE,scDesign2,scaledVar,KDEstat,5.848377458
PDAC,scDesign2,scaledVar,KDEstat,0.640475572
BREAST,scDesign3_gau,scaledVar,KDEstat,-0.721293445
HOSTEOSARCOMA,scDesign3_gau,scaledVar,KDEstat,0.868622369
HPROSTATE,scDesign3_gau,scaledVar,KDEstat,-0.572440791
MBRAIN,scDesign3_gau,scaledVar,KDEstat,-0.436444677
MCATUMOR,scDesign3_gau,scaledVar,KDEstat,0.350958079
MCORTEX,scDesign3_gau,scaledVar,KDEstat,-0.351429645
MGASTRULA,scDesign3_gau,scaledVar,KDEstat,0.631168499
MOBNEW,scDesign3_gau,scaledVar,KDEstat,-0.263422281
MUSCLE,scDesign3_gau,scaledVar,KDEstat,5.756806612
PDAC,scDesign3_gau,scaledVar,KDEstat,-0.49456511
BREAST,scDesign3_nb,scaledVar,KDEstat,2.652977007
HOSTEOSARCOMA,scDesign3_nb,scaledVar,KDEstat,41.5321603
HPROSTATE,scDesign3_nb,scaledVar,KDEstat,-0.553479261
MBRAIN,scDesign3_nb,scaledVar,KDEstat,28.92837012
MCATUMOR,scDesign3_nb,scaledVar,KDEstat,-0.088993938
MCORTEX,scDesign3_nb,scaledVar,KDEstat,34.25040558
MGASTRULA,scDesign3_nb,scaledVar,KDEstat,1.130979235
MOBNEW,scDesign3_nb,scaledVar,KDEstat,-0.113715267
MUSCLE,scDesign3_nb,scaledVar,KDEstat,19.13410933
PDAC,scDesign3_nb,scaledVar,KDEstat,5.343507732
BREAST,scDesign3_poi,scaledVar,KDEstat,1.784111167
HOSTEOSARCOMA,scDesign3_poi,scaledVar,KDEstat,0.356389962
HPROSTATE,scDesign3_poi,scaledVar,KDEstat,-0.560164253
MBRAIN,scDesign3_poi,scaledVar,KDEstat,-1.114100211
MCATUMOR,scDesign3_poi,scaledVar,KDEstat,2.499588038
MCORTEX,scDesign3_poi,scaledVar,KDEstat,1.320475746
MGASTRULA,scDesign3_poi,scaledVar,KDEstat,-0.039509255
MOBNEW,scDesign3_poi,scaledVar,KDEstat,-0.120344854
MUSCLE,scDesign3_poi,scaledVar,KDEstat,21.90148798
PDAC,scDesign3_poi,scaledVar,KDEstat,-0.490077187
BREAST,SPARsim,scaledVar,KDEstat,209.7997603
HOSTEOSARCOMA,SPARsim,scaledVar,KDEstat,55.9336456
HPROSTATE,SPARsim,scaledVar,KDEstat,0.372295785
MBRAIN,SPARsim,scaledVar,KDEstat,7.138366857
MCATUMOR,SPARsim,scaledVar,KDEstat,1.691212069
MCORTEX,SPARsim,scaledVar,KDEstat,69.9077596
MGASTRULA,SPARsim,scaledVar,KDEstat,5.948974036
MOBNEW,SPARsim,scaledVar,KDEstat,-0.084605987
MUSCLE,SPARsim,scaledVar,KDEstat,53.05937068
PDAC,SPARsim,scaledVar,KDEstat,2.404021104
BREAST,splatter,scaledVar,KDEstat,180.7449022
HOSTEOSARCOMA,splatter,scaledVar,KDEstat,181.535353
HPROSTATE,splatter,scaledVar,KDEstat,197.0258789
MBRAIN,splatter,scaledVar,KDEstat,348.3251781
MCATUMOR,splatter,scaledVar,KDEstat,133.6228756
MCORTEX,splatter,scaledVar,KDEstat,78.77277098
MGASTRULA,splatter,scaledVar,KDEstat,8.523458656
MOBNEW,splatter,scaledVar,KDEstat,6.911578225
MUSCLE,splatter,scaledVar,KDEstat,5.794534445
PDAC,splatter,scaledVar,KDEstat,0.264880675
BREAST,SRTsim,scaledVar,KDEstat,1.057640079
HOSTEOSARCOMA,SRTsim,scaledVar,KDEstat,46.10738573
HPROSTATE,SRTsim,scaledVar,KDEstat,0.664480289
MBRAIN,SRTsim,scaledVar,KDEstat,5.564885495
MCATUMOR,SRTsim,scaledVar,KDEstat,0.286252372
MCORTEX,SRTsim,scaledVar,KDEstat,12.03120425
MGASTRULA,SRTsim,scaledVar,KDEstat,-0.206553089
MOBNEW,SRTsim,scaledVar,KDEstat,-0.12268852
MUSCLE,SRTsim,scaledVar,KDEstat,12.8284706
PDAC,SRTsim,scaledVar,KDEstat,3.081073312
BREAST,symsim,scaledVar,KDEstat,66.23924909
HOSTEOSARCOMA,symsim,scaledVar,KDEstat,187.3629792
HPROSTATE,symsim,scaledVar,KDEstat,180.5745211
MBRAIN,symsim,scaledVar,KDEstat,224.4038641
MCATUMOR,symsim,scaledVar,KDEstat,275.4478737
MCORTEX,symsim,scaledVar,KDEstat,229.402443
MGASTRULA,symsim,scaledVar,KDEstat,90.98783523
MOBNEW,symsim,scaledVar,KDEstat,31.31273284
MUSCLE,symsim,scaledVar,KDEstat,346.375902
PDAC,symsim,scaledVar,KDEstat,137.6116905
BREAST,zinbwave,scaledVar,KDEstat,12.18398668
HOSTEOSARCOMA,zinbwave,scaledVar,KDEstat,106.9160197
HPROSTATE,zinbwave,scaledVar,KDEstat,0.295274555
MBRAIN,zinbwave,scaledVar,KDEstat,178.7799505
MCATUMOR,zinbwave,scaledVar,KDEstat,10.80822956
MCORTEX,zinbwave,scaledVar,KDEstat,74.34507497
MGASTRULA,zinbwave,scaledVar,KDEstat,2.523398472
MOBNEW,zinbwave,scaledVar,KDEstat,-0.236537188
MUSCLE,zinbwave,scaledVar,KDEstat,32.01631517
PDAC,zinbwave,scaledVar,KDEstat,0.082512049
BREAST,scDesign2,MeanVar,KDEstat,-1.175000274
HOSTEOSARCOMA,scDesign2,MeanVar,KDEstat,-0.724330606
HPROSTATE,scDesign2,MeanVar,KDEstat,5.495425155
MBRAIN,scDesign2,MeanVar,KDEstat,-1.114374883
MCATUMOR,scDesign2,MeanVar,KDEstat,-1.438525624
MCORTEX,scDesign2,MeanVar,KDEstat,-0.070896079
MGASTRULA,scDesign2,MeanVar,KDEstat,-0.393795099
MOBNEW,scDesign2,MeanVar,KDEstat,-0.772530224
MUSCLE,scDesign2,MeanVar,KDEstat,13.64687327
PDAC,scDesign2,MeanVar,KDEstat,17.70669083
BREAST,scDesign3_gau,MeanVar,KDEstat,15.52154016
HOSTEOSARCOMA,scDesign3_gau,MeanVar,KDEstat,-0.476993162
HPROSTATE,scDesign3_gau,MeanVar,KDEstat,174.1349012
MBRAIN,scDesign3_gau,MeanVar,KDEstat,-17.82082858
MCATUMOR,scDesign3_gau,MeanVar,KDEstat,-0.807586532
MCORTEX,scDesign3_gau,MeanVar,KDEstat,107.0258929
MGASTRULA,scDesign3_gau,MeanVar,KDEstat,42.45618423
MOBNEW,scDesign3_gau,MeanVar,KDEstat,4.138241914
MUSCLE,scDesign3_gau,MeanVar,KDEstat,168.6918238
PDAC,scDesign3_gau,MeanVar,KDEstat,239.8247516
BREAST,scDesign3_nb,MeanVar,KDEstat,-1.292781641
HOSTEOSARCOMA,scDesign3_nb,MeanVar,KDEstat,-0.747467645
HPROSTATE,scDesign3_nb,MeanVar,KDEstat,1.044204526
MBRAIN,scDesign3_nb,MeanVar,KDEstat,-0.024469901
MCATUMOR,scDesign3_nb,MeanVar,KDEstat,-1.26276984
MCORTEX,scDesign3_nb,MeanVar,KDEstat,1.003965497
MGASTRULA,scDesign3_nb,MeanVar,KDEstat,-0.841426712
MOBNEW,scDesign3_nb,MeanVar,KDEstat,-0.582831123
MUSCLE,scDesign3_nb,MeanVar,KDEstat,-1.574867497
PDAC,scDesign3_nb,MeanVar,KDEstat,-4.533570311
BREAST,scDesign3_poi,MeanVar,KDEstat,-5.467196112
HOSTEOSARCOMA,scDesign3_poi,MeanVar,KDEstat,-0.319064829
HPROSTATE,scDesign3_poi,MeanVar,KDEstat,-1.351114275
MBRAIN,scDesign3_poi,MeanVar,KDEstat,-1.31718204
MCATUMOR,scDesign3_poi,MeanVar,KDEstat,-0.848758911
MCORTEX,scDesign3_poi,MeanVar,KDEstat,16.84930594
MGASTRULA,scDesign3_poi,MeanVar,KDEstat,3.564108755
MOBNEW,scDesign3_poi,MeanVar,KDEstat,1.469429999
MUSCLE,scDesign3_poi,MeanVar,KDEstat,-8.69177898
PDAC,scDesign3_poi,MeanVar,KDEstat,-2.212637816
BREAST,SPARsim,MeanVar,KDEstat,3.29989815
HOSTEOSARCOMA,SPARsim,MeanVar,KDEstat,-0.998387657
HPROSTATE,SPARsim,MeanVar,KDEstat,38.35941447
MBRAIN,SPARsim,MeanVar,KDEstat,1.785250462
MCATUMOR,SPARsim,MeanVar,KDEstat,-1.056065945
MCORTEX,SPARsim,MeanVar,KDEstat,0.265256865
MGASTRULA,SPARsim,MeanVar,KDEstat,9.880413383
MOBNEW,SPARsim,MeanVar,KDEstat,-0.890836325
MUSCLE,SPARsim,MeanVar,KDEstat,8.360564053
PDAC,SPARsim,MeanVar,KDEstat,4.69940148
BREAST,splatter,MeanVar,KDEstat,-9.908565408
HOSTEOSARCOMA,splatter,MeanVar,KDEstat,68.34872997
HPROSTATE,splatter,MeanVar,KDEstat,15.74670975
MBRAIN,splatter,MeanVar,KDEstat,12.14337806
MCATUMOR,splatter,MeanVar,KDEstat,46.07550956
MCORTEX,splatter,MeanVar,KDEstat,36.69179406
MGASTRULA,splatter,MeanVar,KDEstat,15.77288521
MOBNEW,splatter,MeanVar,KDEstat,17.04111074
MUSCLE,splatter,MeanVar,KDEstat,159.2344995
PDAC,splatter,MeanVar,KDEstat,236.1997474
BREAST,SRTsim,MeanVar,KDEstat,-1.223992729
HOSTEOSARCOMA,SRTsim,MeanVar,KDEstat,-1.109271193
HPROSTATE,SRTsim,MeanVar,KDEstat,6.091450252
MBRAIN,SRTsim,MeanVar,KDEstat,-1.344682771
MCATUMOR,SRTsim,MeanVar,KDEstat,-1.269728144
MCORTEX,SRTsim,MeanVar,KDEstat,0.293673614
MGASTRULA,SRTsim,MeanVar,KDEstat,-0.525449561
MOBNEW,SRTsim,MeanVar,KDEstat,-0.823187178
MUSCLE,SRTsim,MeanVar,KDEstat,10.77555135
PDAC,SRTsim,MeanVar,KDEstat,-2.085275963
BREAST,symsim,MeanVar,KDEstat,119.0120878
HOSTEOSARCOMA,symsim,MeanVar,KDEstat,-34.20694862
HPROSTATE,symsim,MeanVar,KDEstat,-11.87419478
MBRAIN,symsim,MeanVar,KDEstat,19.15153747
MCATUMOR,symsim,MeanVar,KDEstat,15.05968639
MCORTEX,symsim,MeanVar,KDEstat,80.37645602
MGASTRULA,symsim,MeanVar,KDEstat,15.42438323
MOBNEW,symsim,MeanVar,KDEstat,2.506513663
MUSCLE,symsim,MeanVar,KDEstat,176.4864014
PDAC,symsim,MeanVar,KDEstat,161.8736898
BREAST,zinbwave,MeanVar,KDEstat,-3.544169405
HOSTEOSARCOMA,zinbwave,MeanVar,KDEstat,-0.89610821
HPROSTATE,zinbwave,MeanVar,KDEstat,-1.776849182
MBRAIN,zinbwave,MeanVar,KDEstat,-2.069497483
MCATUMOR,zinbwave,MeanVar,KDEstat,-0.853719218
MCORTEX,zinbwave,MeanVar,KDEstat,2.359529159
MGASTRULA,zinbwave,MeanVar,KDEstat,3.678777815
MOBNEW,zinbwave,MeanVar,KDEstat,0.182150054
MUSCLE,zinbwave,MeanVar,KDEstat,5.791741294
PDAC,zinbwave,MeanVar,KDEstat,-14.42444916
BREAST,scDesign2,MeanFrac,KDEstat,-1.02203715
HOSTEOSARCOMA,scDesign2,MeanFrac,KDEstat,-0.180254262
HPROSTATE,scDesign2,MeanFrac,KDEstat,5.537219311
MBRAIN,scDesign2,MeanFrac,KDEstat,-1.003396379
MCATUMOR,scDesign2,MeanFrac,KDEstat,-0.96693855
MCORTEX,scDesign2,MeanFrac,KDEstat,3.163287378
MGASTRULA,scDesign2,MeanFrac,KDEstat,-0.646229927
MOBNEW,scDesign2,MeanFrac,KDEstat,-0.740179674
MUSCLE,scDesign2,MeanFrac,KDEstat,0.063403726
PDAC,scDesign2,MeanFrac,KDEstat,7.022977141
BREAST,scDesign3_gau,MeanFrac,KDEstat,233.3944753
HOSTEOSARCOMA,scDesign3_gau,MeanFrac,KDEstat,27.68178883
HPROSTATE,scDesign3_gau,MeanFrac,KDEstat,145.4739992
MBRAIN,scDesign3_gau,MeanFrac,KDEstat,189.9617284
MCATUMOR,scDesign3_gau,MeanFrac,KDEstat,36.09260492
MCORTEX,scDesign3_gau,MeanFrac,KDEstat,51.73408514
MGASTRULA,scDesign3_gau,MeanFrac,KDEstat,22.07010952
MOBNEW,scDesign3_gau,MeanFrac,KDEstat,7.083792999
MUSCLE,scDesign3_gau,MeanFrac,KDEstat,181.5992897
PDAC,scDesign3_gau,MeanFrac,KDEstat,127.7747941
BREAST,scDesign3_nb,MeanFrac,KDEstat,-1.059145493
HOSTEOSARCOMA,scDesign3_nb,MeanFrac,KDEstat,-0.913700997
HPROSTATE,scDesign3_nb,MeanFrac,KDEstat,1.988108715
MBRAIN,scDesign3_nb,MeanFrac,KDEstat,-0.962722464
MCATUMOR,scDesign3_nb,MeanFrac,KDEstat,-1.378668164
MCORTEX,scDesign3_nb,MeanFrac,KDEstat,13.35460564
MGASTRULA,scDesign3_nb,MeanFrac,KDEstat,-0.779314159
MOBNEW,scDesign3_nb,MeanFrac,KDEstat,-0.829224407
MUSCLE,scDesign3_nb,MeanFrac,KDEstat,-1.093426804
PDAC,scDesign3_nb,MeanFrac,KDEstat,2.121320823
BREAST,scDesign3_poi,MeanFrac,KDEstat,-0.010294526
HOSTEOSARCOMA,scDesign3_poi,MeanFrac,KDEstat,14.28700325
HPROSTATE,scDesign3_poi,MeanFrac,KDEstat,5.816825669
MBRAIN,scDesign3_poi,MeanFrac,KDEstat,31.79434578
MCATUMOR,scDesign3_poi,MeanFrac,KDEstat,2.298186204
MCORTEX,scDesign3_poi,MeanFrac,KDEstat,83.45562748
MGASTRULA,scDesign3_poi,MeanFrac,KDEstat,3.351294524
MOBNEW,scDesign3_poi,MeanFrac,KDEstat,-0.178512992
MUSCLE,scDesign3_poi,MeanFrac,KDEstat,5.771106965
PDAC,scDesign3_poi,MeanFrac,KDEstat,9.673188151
BREAST,SPARsim,MeanFrac,KDEstat,-2.866668678
HOSTEOSARCOMA,SPARsim,MeanFrac,KDEstat,-0.495152523
HPROSTATE,SPARsim,MeanFrac,KDEstat,-8.876398594
MBRAIN,SPARsim,MeanFrac,KDEstat,6.476840886
MCATUMOR,SPARsim,MeanFrac,KDEstat,-1.223733666
MCORTEX,SPARsim,MeanFrac,KDEstat,14.24294164
MGASTRULA,SPARsim,MeanFrac,KDEstat,3.983628587
MOBNEW,SPARsim,MeanFrac,KDEstat,-0.796392638
MUSCLE,SPARsim,MeanFrac,KDEstat,-6.686612381
PDAC,SPARsim,MeanFrac,KDEstat,1.013149455
BREAST,splatter,MeanFrac,KDEstat,39.07016638
HOSTEOSARCOMA,splatter,MeanFrac,KDEstat,23.63504947
HPROSTATE,splatter,MeanFrac,KDEstat,13.97973897
MBRAIN,splatter,MeanFrac,KDEstat,36.98804884
MCATUMOR,splatter,MeanFrac,KDEstat,26.87441746
MCORTEX,splatter,MeanFrac,KDEstat,36.15922071
MGASTRULA,splatter,MeanFrac,KDEstat,17.63375075
MOBNEW,splatter,MeanFrac,KDEstat,8.551013772
MUSCLE,splatter,MeanFrac,KDEstat,55.9361812
PDAC,splatter,MeanFrac,KDEstat,59.94092244
BREAST,SRTsim,MeanFrac,KDEstat,-0.999995488
HOSTEOSARCOMA,SRTsim,MeanFrac,KDEstat,-0.501834448
HPROSTATE,SRTsim,MeanFrac,KDEstat,5.913683826
MBRAIN,SRTsim,MeanFrac,KDEstat,-1.416522324
MCATUMOR,SRTsim,MeanFrac,KDEstat,-1.133347035
MCORTEX,SRTsim,MeanFrac,KDEstat,2.346970123
MGASTRULA,SRTsim,MeanFrac,KDEstat,-0.754763664
MOBNEW,SRTsim,MeanFrac,KDEstat,-0.831327597
MUSCLE,SRTsim,MeanFrac,KDEstat,103.2035441
PDAC,SRTsim,MeanFrac,KDEstat,5.702039885
BREAST,symsim,MeanFrac,KDEstat,115.2179379
HOSTEOSARCOMA,symsim,MeanFrac,KDEstat,1.918593013
HPROSTATE,symsim,MeanFrac,KDEstat,3.137865821
MBRAIN,symsim,MeanFrac,KDEstat,61.4450186
MCATUMOR,symsim,MeanFrac,KDEstat,15.51964376
MCORTEX,symsim,MeanFrac,KDEstat,57.32489653
MGASTRULA,symsim,MeanFrac,KDEstat,12.58480961
MOBNEW,symsim,MeanFrac,KDEstat,1.084921421
MUSCLE,symsim,MeanFrac,KDEstat,58.49535188
PDAC,symsim,MeanFrac,KDEstat,48.23561592
BREAST,zinbwave,MeanFrac,KDEstat,-1.052779458
HOSTEOSARCOMA,zinbwave,MeanFrac,KDEstat,1.33036391
HPROSTATE,zinbwave,MeanFrac,KDEstat,-0.41839045
MBRAIN,zinbwave,MeanFrac,KDEstat,1.793608021
MCATUMOR,zinbwave,MeanFrac,KDEstat,-1.334975903
MCORTEX,zinbwave,MeanFrac,KDEstat,1.620822046
MGASTRULA,zinbwave,MeanFrac,KDEstat,-0.081085167
MOBNEW,zinbwave,MeanFrac,KDEstat,-0.894818989
MUSCLE,zinbwave,MeanFrac,KDEstat,-4.42359744
PDAC,zinbwave,MeanFrac,KDEstat,-0.04504824
BREAST,scDesign2,fracZero,KDEstat,-0.249692068
HOSTEOSARCOMA,scDesign2,fracZero,KDEstat,-0.046621285
HPROSTATE,scDesign2,fracZero,KDEstat,2.128848315
MBRAIN,scDesign2,fracZero,KDEstat,-0.794362499
MCATUMOR,scDesign2,fracZero,KDEstat,-0.691494824
MCORTEX,scDesign2,fracZero,KDEstat,-0.111815794
MGASTRULA,scDesign2,fracZero,KDEstat,-0.25738505
MOBNEW,scDesign2,fracZero,KDEstat,-0.707449468
MUSCLE,scDesign2,fracZero,KDEstat,0.164555203
PDAC,scDesign2,fracZero,KDEstat,1.377726003
BREAST,scDesign3_gau,fracZero,KDEstat,72.38538518
HOSTEOSARCOMA,scDesign3_gau,fracZero,KDEstat,30.50580385
HPROSTATE,scDesign3_gau,fracZero,KDEstat,40.4712245
MBRAIN,scDesign3_gau,fracZero,KDEstat,55.28487838
MCATUMOR,scDesign3_gau,fracZero,KDEstat,14.95618114
MCORTEX,scDesign3_gau,fracZero,KDEstat,41.69608436
MGASTRULA,scDesign3_gau,fracZero,KDEstat,14.22090583
MOBNEW,scDesign3_gau,fracZero,KDEstat,7.862010483
MUSCLE,scDesign3_gau,fracZero,KDEstat,65.37729784
PDAC,scDesign3_gau,fracZero,KDEstat,35.54907596
BREAST,scDesign3_nb,fracZero,KDEstat,-0.27710515
HOSTEOSARCOMA,scDesign3_nb,fracZero,KDEstat,-0.409268779
HPROSTATE,scDesign3_nb,fracZero,KDEstat,0.623736365
MBRAIN,scDesign3_nb,fracZero,KDEstat,-0.947358418
MCATUMOR,scDesign3_nb,fracZero,KDEstat,-0.846446591
MCORTEX,scDesign3_nb,fracZero,KDEstat,0.041572168
MGASTRULA,scDesign3_nb,fracZero,KDEstat,-0.336573396
MOBNEW,scDesign3_nb,fracZero,KDEstat,-0.760742824
MUSCLE,scDesign3_nb,fracZero,KDEstat,-0.31158832
PDAC,scDesign3_nb,fracZero,KDEstat,0.453494499
BREAST,scDesign3_poi,fracZero,KDEstat,-0.151809355
HOSTEOSARCOMA,scDesign3_poi,fracZero,KDEstat,4.559733548
HPROSTATE,scDesign3_poi,fracZero,KDEstat,0.520929177
MBRAIN,scDesign3_poi,fracZero,KDEstat,7.587356603
MCATUMOR,scDesign3_poi,fracZero,KDEstat,-0.336967767
MCORTEX,scDesign3_poi,fracZero,KDEstat,6.101927342
MGASTRULA,scDesign3_poi,fracZero,KDEstat,0.162862392
MOBNEW,scDesign3_poi,fracZero,KDEstat,-0.610312594
MUSCLE,scDesign3_poi,fracZero,KDEstat,0.442532415
PDAC,scDesign3_poi,fracZero,KDEstat,1.175130997
BREAST,SPARsim,fracZero,KDEstat,0.66719683
HOSTEOSARCOMA,SPARsim,fracZero,KDEstat,-0.270544633
HPROSTATE,SPARsim,fracZero,KDEstat,4.742846804
MBRAIN,SPARsim,fracZero,KDEstat,0.926137501
MCATUMOR,SPARsim,fracZero,KDEstat,-0.80469619
MCORTEX,SPARsim,fracZero,KDEstat,-0.010762429
MGASTRULA,SPARsim,fracZero,KDEstat,2.974894649
MOBNEW,SPARsim,fracZero,KDEstat,-0.758414199
MUSCLE,SPARsim,fracZero,KDEstat,-0.194978569
PDAC,SPARsim,fracZero,KDEstat,0.047215751
BREAST,splatter,fracZero,KDEstat,42.26451878
HOSTEOSARCOMA,splatter,fracZero,KDEstat,32.81114959
HPROSTATE,splatter,fracZero,KDEstat,4.762190396
MBRAIN,splatter,fracZero,KDEstat,41.78106021
MCATUMOR,splatter,fracZero,KDEstat,61.32147379
MCORTEX,splatter,fracZero,KDEstat,0.856888004
MGASTRULA,splatter,fracZero,KDEstat,0.99257997
MOBNEW,splatter,fracZero,KDEstat,13.79944835
MUSCLE,splatter,fracZero,KDEstat,23.25165962
PDAC,splatter,fracZero,KDEstat,14.0671792
BREAST,SRTsim,fracZero,KDEstat,-0.245197187
HOSTEOSARCOMA,SRTsim,fracZero,KDEstat,-0.229228862
HPROSTATE,SRTsim,fracZero,KDEstat,2.191708159
MBRAIN,SRTsim,fracZero,KDEstat,-1.073076361
MCATUMOR,SRTsim,fracZero,KDEstat,-0.709008311
MCORTEX,SRTsim,fracZero,KDEstat,-0.056062961
MGASTRULA,SRTsim,fracZero,KDEstat,-0.320381626
MOBNEW,SRTsim,fracZero,KDEstat,-0.765411333
MUSCLE,SRTsim,fracZero,KDEstat,0.266124469
PDAC,SRTsim,fracZero,KDEstat,1.460322576
BREAST,symsim,fracZero,KDEstat,28.91107144
HOSTEOSARCOMA,symsim,fracZero,KDEstat,12.82225446
HPROSTATE,symsim,fracZero,KDEstat,1.306072816
MBRAIN,symsim,fracZero,KDEstat,25.44894115
MCATUMOR,symsim,fracZero,KDEstat,6.953954469
MCORTEX,symsim,fracZero,KDEstat,12.39823446
MGASTRULA,symsim,fracZero,KDEstat,7.875433396
MOBNEW,symsim,fracZero,KDEstat,-0.097320542
MUSCLE,symsim,fracZero,KDEstat,10.27667856
PDAC,symsim,fracZero,KDEstat,7.928243078
BREAST,zinbwave,fracZero,KDEstat,-0.26661552
HOSTEOSARCOMA,zinbwave,fracZero,KDEstat,0.348343439
HPROSTATE,zinbwave,fracZero,KDEstat,-0.035062998
MBRAIN,zinbwave,fracZero,KDEstat,-0.770397392
MCATUMOR,zinbwave,fracZero,KDEstat,-0.832575716
MCORTEX,zinbwave,fracZero,KDEstat,-0.110494617
MGASTRULA,zinbwave,fracZero,KDEstat,-0.282114409
MOBNEW,zinbwave,fracZero,KDEstat,-0.793045972
MUSCLE,zinbwave,fracZero,KDEstat,-0.280695563
PDAC,zinbwave,fracZero,KDEstat,-0.075886513
BREAST,scDesign2,L_stat,KDEstat,-2.467491212
HOSTEOSARCOMA,scDesign2,L_stat,KDEstat,-0.860172771
HPROSTATE,scDesign2,L_stat,KDEstat,0.34227441
MBRAIN,scDesign2,L_stat,KDEstat,0.214891824
MCATUMOR,scDesign2,L_stat,KDEstat,0.979461608
MCORTEX,scDesign2,L_stat,KDEstat,0.923754278
MGASTRULA,scDesign2,L_stat,KDEstat,0.055656476
MOBNEW,scDesign2,L_stat,KDEstat,-2.087288122
MUSCLE,scDesign2,L_stat,KDEstat,0.670089796
PDAC,scDesign2,L_stat,KDEstat,1.538486194
BREAST,scDesign3_gau,L_stat,KDEstat,-4.643874826
HOSTEOSARCOMA,scDesign3_gau,L_stat,KDEstat,-0.843405681
HPROSTATE,scDesign3_gau,L_stat,KDEstat,0.050296377
MBRAIN,scDesign3_gau,L_stat,KDEstat,0.289663403
MCATUMOR,scDesign3_gau,L_stat,KDEstat,-0.651479857
MCORTEX,scDesign3_gau,L_stat,KDEstat,-0.202392236
MGASTRULA,scDesign3_gau,L_stat,KDEstat,-0.145461156
MOBNEW,scDesign3_gau,L_stat,KDEstat,-2.683528512
MUSCLE,scDesign3_gau,L_stat,KDEstat,1.021606564
PDAC,scDesign3_gau,L_stat,KDEstat,1.817521079
BREAST,scDesign3_nb,L_stat,KDEstat,-5.691163822
HOSTEOSARCOMA,scDesign3_nb,L_stat,KDEstat,-0.765412701
HPROSTATE,scDesign3_nb,L_stat,KDEstat,-0.183692703
MBRAIN,scDesign3_nb,L_stat,KDEstat,0.128951348
MCATUMOR,scDesign3_nb,L_stat,KDEstat,-0.856327611
MCORTEX,scDesign3_nb,L_stat,KDEstat,-0.263551514
MGASTRULA,scDesign3_nb,L_stat,KDEstat,-0.218946719
MOBNEW,scDesign3_nb,L_stat,KDEstat,-2.582184303
MUSCLE,scDesign3_nb,L_stat,KDEstat,0.603497422
PDAC,scDesign3_nb,L_stat,KDEstat,0.208339122
BREAST,scDesign3_poi,L_stat,KDEstat,-7.830937628
HOSTEOSARCOMA,scDesign3_poi,L_stat,KDEstat,-0.128441235
HPROSTATE,scDesign3_poi,L_stat,KDEstat,-0.238251059
MBRAIN,scDesign3_poi,L_stat,KDEstat,0.273336606
MCATUMOR,scDesign3_poi,L_stat,KDEstat,-0.892930844
MCORTEX,scDesign3_poi,L_stat,KDEstat,-0.277751029
MGASTRULA,scDesign3_poi,L_stat,KDEstat,-0.186291637
MOBNEW,scDesign3_poi,L_stat,KDEstat,-3.133800878
MUSCLE,scDesign3_poi,L_stat,KDEstat,0.579970595
PDAC,scDesign3_poi,L_stat,KDEstat,0.06443678
BREAST,SPARsim,L_stat,KDEstat,-2.919186886
HOSTEOSARCOMA,SPARsim,L_stat,KDEstat,-0.603826923
HPROSTATE,SPARsim,L_stat,KDEstat,-0.236247333
MBRAIN,SPARsim,L_stat,KDEstat,-0.021121469
MCATUMOR,SPARsim,L_stat,KDEstat,-0.788490182
MCORTEX,SPARsim,L_stat,KDEstat,-0.170573292
MGASTRULA,SPARsim,L_stat,KDEstat,0.103210559
MOBNEW,SPARsim,L_stat,KDEstat,-3.192890477
MUSCLE,SPARsim,L_stat,KDEstat,0.550088048
PDAC,SPARsim,L_stat,KDEstat,-0.130094481
BREAST,splatter,L_stat,KDEstat,-2.2742163
HOSTEOSARCOMA,splatter,L_stat,KDEstat,-0.384542617
HPROSTATE,splatter,L_stat,KDEstat,0.451838317
MBRAIN,splatter,L_stat,KDEstat,0.529144537
MCATUMOR,splatter,L_stat,KDEstat,0.361169512
MCORTEX,splatter,L_stat,KDEstat,1.118929439
MGASTRULA,splatter,L_stat,KDEstat,0.139343825
MOBNEW,splatter,L_stat,KDEstat,-2.395561947
MUSCLE,splatter,L_stat,KDEstat,0.369071927
PDAC,splatter,L_stat,KDEstat,0.635228966
BREAST,SRTsim,L_stat,KDEstat,-5.92570094
HOSTEOSARCOMA,SRTsim,L_stat,KDEstat,-0.944294783
HPROSTATE,SRTsim,L_stat,KDEstat,-0.234433042
MBRAIN,SRTsim,L_stat,KDEstat,-0.382750731
MCATUMOR,SRTsim,L_stat,KDEstat,-0.748067937
MCORTEX,SRTsim,L_stat,KDEstat,-0.188773732
MGASTRULA,SRTsim,L_stat,KDEstat,-0.363692806
MOBNEW,SRTsim,L_stat,KDEstat,-3.812521008
MUSCLE,SRTsim,L_stat,KDEstat,-0.126547523
PDAC,SRTsim,L_stat,KDEstat,-0.130843906
BREAST,symsim,L_stat,KDEstat,-2.393366885
HOSTEOSARCOMA,symsim,L_stat,KDEstat,-0.886948865
HPROSTATE,symsim,L_stat,KDEstat,-0.10688338
MBRAIN,symsim,L_stat,KDEstat,0.477464241
MCATUMOR,symsim,L_stat,KDEstat,1.090169941
MCORTEX,symsim,L_stat,KDEstat,0.52073513
MGASTRULA,symsim,L_stat,KDEstat,0.192332334
MOBNEW,symsim,L_stat,KDEstat,-2.103805052
MUSCLE,symsim,L_stat,KDEstat,0.908189133
PDAC,symsim,L_stat,KDEstat,0.277392599
BREAST,zinbwave,L_stat,KDEstat,-3.658929275
HOSTEOSARCOMA,zinbwave,L_stat,KDEstat,-0.740428739
HPROSTATE,zinbwave,L_stat,KDEstat,-0.336536355
MBRAIN,zinbwave,L_stat,KDEstat,0.34944262
MCATUMOR,zinbwave,L_stat,KDEstat,-0.677149641
MCORTEX,zinbwave,L_stat,KDEstat,-0.45194134
MGASTRULA,zinbwave,L_stat,KDEstat,-0.234896954
MOBNEW,zinbwave,L_stat,KDEstat,-3.323113026
MUSCLE,zinbwave,L_stat,KDEstat,-0.319969821
PDAC,zinbwave,L_stat,KDEstat,-0.576070288
BREAST,scDesign2,celltype_interaction,KDEstat,1.166609544
HOSTEOSARCOMA,scDesign2,celltype_interaction,KDEstat,-0.426112622
HPROSTATE,scDesign2,celltype_interaction,KDEstat,0.811106247
MBRAIN,scDesign2,celltype_interaction,KDEstat,-0.612472635
MCATUMOR,scDesign2,celltype_interaction,KDEstat,-0.741394272
MCORTEX,scDesign2,celltype_interaction,KDEstat,-0.264552482
MGASTRULA,scDesign2,celltype_interaction,KDEstat,-0.249016091
MOBNEW,scDesign2,celltype_interaction,KDEstat,-2.500794983
MUSCLE,scDesign2,celltype_interaction,KDEstat,-0.396177905
PDAC,scDesign2,celltype_interaction,KDEstat,3.31712194
BREAST,scDesign3_gau,celltype_interaction,KDEstat,-0.435405739
HOSTEOSARCOMA,scDesign3_gau,celltype_interaction,KDEstat,-0.43532964
HPROSTATE,scDesign3_gau,celltype_interaction,KDEstat,-0.484001094
MBRAIN,scDesign3_gau,celltype_interaction,KDEstat,-20.97135554
MCATUMOR,scDesign3_gau,celltype_interaction,KDEstat,-0.718815292
MCORTEX,scDesign3_gau,celltype_interaction,KDEstat,-0.210660656
MGASTRULA,scDesign3_gau,celltype_interaction,KDEstat,0.011805114
MOBNEW,scDesign3_gau,celltype_interaction,KDEstat,-3.366018372
MUSCLE,scDesign3_gau,celltype_interaction,KDEstat,-0.002893373
PDAC,scDesign3_gau,celltype_interaction,KDEstat,5.318862541
BREAST,scDesign3_nb,celltype_interaction,KDEstat,-0.510168924
HOSTEOSARCOMA,scDesign3_nb,celltype_interaction,KDEstat,-0.450059596
HPROSTATE,scDesign3_nb,celltype_interaction,KDEstat,-3.279699774
MBRAIN,scDesign3_nb,celltype_interaction,KDEstat,-2.130014011
MCATUMOR,scDesign3_nb,celltype_interaction,KDEstat,-0.741321444
MCORTEX,scDesign3_nb,celltype_interaction,KDEstat,-0.298262952
MGASTRULA,scDesign3_nb,celltype_interaction,KDEstat,-0.248534077
MOBNEW,scDesign3_nb,celltype_interaction,KDEstat,-3.491284671
MUSCLE,scDesign3_nb,celltype_interaction,KDEstat,-0.540147965
PDAC,scDesign3_nb,celltype_interaction,KDEstat,2.977063815
BREAST,scDesign3_poi,celltype_interaction,KDEstat,-0.487228807
HOSTEOSARCOMA,scDesign3_poi,celltype_interaction,KDEstat,-0.393976915
HPROSTATE,scDesign3_poi,celltype_interaction,KDEstat,-0.718189369
MBRAIN,scDesign3_poi,celltype_interaction,KDEstat,-1.978899673
MCATUMOR,scDesign3_poi,celltype_interaction,KDEstat,-0.740192787
MCORTEX,scDesign3_poi,celltype_interaction,KDEstat,-0.227783902
MGASTRULA,scDesign3_poi,celltype_interaction,KDEstat,-0.078659846
MOBNEW,scDesign3_poi,celltype_interaction,KDEstat,-3.366759981
MUSCLE,scDesign3_poi,celltype_interaction,KDEstat,-0.505463845
PDAC,scDesign3_poi,celltype_interaction,KDEstat,1.147217802
BREAST,SPARsim,celltype_interaction,KDEstat,-0.077193909
HOSTEOSARCOMA,SPARsim,celltype_interaction,KDEstat,-0.419876646
HPROSTATE,SPARsim,celltype_interaction,KDEstat,-9.51021104
MBRAIN,SPARsim,celltype_interaction,KDEstat,-14.65844523
MCATUMOR,SPARsim,celltype_interaction,KDEstat,-0.741247486
MCORTEX,SPARsim,celltype_interaction,KDEstat,-0.225494319
MGASTRULA,SPARsim,celltype_interaction,KDEstat,0.479334028
MOBNEW,SPARsim,celltype_interaction,KDEstat,-3.23276826
MUSCLE,SPARsim,celltype_interaction,KDEstat,0.114863755
PDAC,SPARsim,celltype_interaction,KDEstat,1.868577842
BREAST,splatter,celltype_interaction,KDEstat,-0.030106759
HOSTEOSARCOMA,splatter,celltype_interaction,KDEstat,-0.287265286
HPROSTATE,splatter,celltype_interaction,KDEstat,-8.440872223
MBRAIN,splatter,celltype_interaction,KDEstat,6.265736448
MCATUMOR,splatter,celltype_interaction,KDEstat,0.795878985
MCORTEX,splatter,celltype_interaction,KDEstat,0.089656835
MGASTRULA,splatter,celltype_interaction,KDEstat,0.310220479
MOBNEW,splatter,celltype_interaction,KDEstat,-1.072914338
MUSCLE,splatter,celltype_interaction,KDEstat,0.056767596
PDAC,splatter,celltype_interaction,KDEstat,0.571369667
BREAST,SRTsim,celltype_interaction,KDEstat,1.130326232
HOSTEOSARCOMA,SRTsim,celltype_interaction,KDEstat,-0.443012911
HPROSTATE,SRTsim,celltype_interaction,KDEstat,1.412950602
MBRAIN,SRTsim,celltype_interaction,KDEstat,0.138371995
MCATUMOR,SRTsim,celltype_interaction,KDEstat,-0.741287575
MCORTEX,SRTsim,celltype_interaction,KDEstat,-0.305363028
MGASTRULA,SRTsim,celltype_interaction,KDEstat,-0.260820971
MOBNEW,SRTsim,celltype_interaction,KDEstat,-2.521762586
MUSCLE,SRTsim,celltype_interaction,KDEstat,-0.688888408
PDAC,SRTsim,celltype_interaction,KDEstat,1.460185957
BREAST,symsim,celltype_interaction,KDEstat,-0.23664242
HOSTEOSARCOMA,symsim,celltype_interaction,KDEstat,-0.24800774
HPROSTATE,symsim,celltype_interaction,KDEstat,9.684757497
MBRAIN,symsim,celltype_interaction,KDEstat,52.42825426
MCATUMOR,symsim,celltype_interaction,KDEstat,0.085388121
MCORTEX,symsim,celltype_interaction,KDEstat,1.986933119
MGASTRULA,symsim,celltype_interaction,KDEstat,12.8721891
MOBNEW,symsim,celltype_interaction,KDEstat,-0.353437327
MUSCLE,symsim,celltype_interaction,KDEstat,-4.648789461
PDAC,symsim,celltype_interaction,KDEstat,4.904744609
BREAST,zinbwave,celltype_interaction,KDEstat,-0.4637409
HOSTEOSARCOMA,zinbwave,celltype_interaction,KDEstat,-0.389346206
HPROSTATE,zinbwave,celltype_interaction,KDEstat,4.111030988
MBRAIN,zinbwave,celltype_interaction,KDEstat,5.049783351
MCATUMOR,zinbwave,celltype_interaction,KDEstat,-0.731240338
MCORTEX,zinbwave,celltype_interaction,KDEstat,0.724125424
MGASTRULA,zinbwave,celltype_interaction,KDEstat,0.217696333
MOBNEW,zinbwave,celltype_interaction,KDEstat,-1.771993539
MUSCLE,zinbwave,celltype_interaction,KDEstat,-0.554577518
PDAC,zinbwave,celltype_interaction,KDEstat,0.650001789
BREAST,scDesign2,scaledVar,KDEstat,2.477884021
HOSTEOSARCOMA,scDesign2,scaledVar,KDEstat,23.41754721
HPROSTATE,scDesign2,scaledVar,KDEstat,23.22904035
MBRAIN,scDesign2,scaledVar,KDEstat,210.473524
MCATUMOR,scDesign2,scaledVar,KDEstat,2.926477758
MCORTEX,scDesign2,scaledVar,KDEstat,2.035843213
MGASTRULA,scDesign2,scaledVar,KDEstat,5.066006042
MOBNEW,scDesign2,scaledVar,KDEstat,0.033016991
MUSCLE,scDesign2,scaledVar,KDEstat,4.921018765
PDAC,scDesign2,scaledVar,KDEstat,14.13560935
BREAST,scDesign3_gau,scaledVar,KDEstat,33.08807244
HOSTEOSARCOMA,scDesign3_gau,scaledVar,KDEstat,32.41906329
HPROSTATE,scDesign3_gau,scaledVar,KDEstat,31.17410933
MBRAIN,scDesign3_gau,scaledVar,KDEstat,337.221204
MCATUMOR,scDesign3_gau,scaledVar,KDEstat,4.599197528
MCORTEX,scDesign3_gau,scaledVar,KDEstat,8.404487969
MGASTRULA,scDesign3_gau,scaledVar,KDEstat,17.59904836
MOBNEW,scDesign3_gau,scaledVar,KDEstat,0.860850999
MUSCLE,scDesign3_gau,scaledVar,KDEstat,14.84375685
PDAC,scDesign3_gau,scaledVar,KDEstat,62.22869122
BREAST,scDesign3_nb,scaledVar,KDEstat,36.65309969
HOSTEOSARCOMA,scDesign3_nb,scaledVar,KDEstat,27.0203836
HPROSTATE,scDesign3_nb,scaledVar,KDEstat,13.43387622
MBRAIN,scDesign3_nb,scaledVar,KDEstat,290.1937076
MCATUMOR,scDesign3_nb,scaledVar,KDEstat,-0.108501474
MCORTEX,scDesign3_nb,scaledVar,KDEstat,0.268923169
MGASTRULA,scDesign3_nb,scaledVar,KDEstat,1.789537862
MOBNEW,scDesign3_nb,scaledVar,KDEstat,0.286827636
MUSCLE,scDesign3_nb,scaledVar,KDEstat,0.944371764
PDAC,scDesign3_nb,scaledVar,KDEstat,17.46190415
BREAST,scDesign3_poi,scaledVar,KDEstat,17.10912111
HOSTEOSARCOMA,scDesign3_poi,scaledVar,KDEstat,7.139615888
HPROSTATE,scDesign3_poi,scaledVar,KDEstat,3.565025371
MBRAIN,scDesign3_poi,scaledVar,KDEstat,321.5448317
MCATUMOR,scDesign3_poi,scaledVar,KDEstat,1.937843279
MCORTEX,scDesign3_poi,scaledVar,KDEstat,4.001136204
MGASTRULA,scDesign3_poi,scaledVar,KDEstat,14.70283268
MOBNEW,scDesign3_poi,scaledVar,KDEstat,-0.094404642
MUSCLE,scDesign3_poi,scaledVar,KDEstat,12.2065618
PDAC,scDesign3_poi,scaledVar,KDEstat,39.85876854
BREAST,SPARsim,scaledVar,KDEstat,36.09232869
HOSTEOSARCOMA,SPARsim,scaledVar,KDEstat,21.44042151
HPROSTATE,SPARsim,scaledVar,KDEstat,42.33969868
MBRAIN,SPARsim,scaledVar,KDEstat,14.08708385
MCATUMOR,SPARsim,scaledVar,KDEstat,-0.132350043
MCORTEX,SPARsim,scaledVar,KDEstat,3.307259484
MGASTRULA,SPARsim,scaledVar,KDEstat,112.2192385
MOBNEW,SPARsim,scaledVar,KDEstat,-0.07471319
MUSCLE,SPARsim,scaledVar,KDEstat,22.8128553
PDAC,SPARsim,scaledVar,KDEstat,10.74457493
BREAST,splatter,scaledVar,KDEstat,32.17543045
HOSTEOSARCOMA,splatter,scaledVar,KDEstat,27.93242708
HPROSTATE,splatter,scaledVar,KDEstat,16.17475733
MBRAIN,splatter,scaledVar,KDEstat,295.4400629
MCATUMOR,splatter,scaledVar,KDEstat,0.291766708
MCORTEX,splatter,scaledVar,KDEstat,0.307914198
MGASTRULA,splatter,scaledVar,KDEstat,7.07287587
MOBNEW,splatter,scaledVar,KDEstat,0.398676406
MUSCLE,splatter,scaledVar,KDEstat,11.03062356
PDAC,splatter,scaledVar,KDEstat,75.30144789
BREAST,SRTsim,scaledVar,KDEstat,9.190510363
HOSTEOSARCOMA,SRTsim,scaledVar,KDEstat,25.63791341
HPROSTATE,SRTsim,scaledVar,KDEstat,15.5572594
MBRAIN,SRTsim,scaledVar,KDEstat,152.336329
MCATUMOR,SRTsim,scaledVar,KDEstat,0.013813055
MCORTEX,SRTsim,scaledVar,KDEstat,0.275951785
MGASTRULA,SRTsim,scaledVar,KDEstat,-0.043276991
MOBNEW,SRTsim,scaledVar,KDEstat,-0.325709618
MUSCLE,SRTsim,scaledVar,KDEstat,6.755910722
PDAC,SRTsim,scaledVar,KDEstat,11.49560723
BREAST,symsim,scaledVar,KDEstat,36.41077993
HOSTEOSARCOMA,symsim,scaledVar,KDEstat,15.98352968
HPROSTATE,symsim,scaledVar,KDEstat,37.18359473
MBRAIN,symsim,scaledVar,KDEstat,310.978698
MCATUMOR,symsim,scaledVar,KDEstat,51.44183866
MCORTEX,symsim,scaledVar,KDEstat,34.82568279
MGASTRULA,symsim,scaledVar,KDEstat,91.66819563
MOBNEW,symsim,scaledVar,KDEstat,0.454581915
MUSCLE,symsim,scaledVar,KDEstat,4.342322358
PDAC,symsim,scaledVar,KDEstat,44.49996064
BREAST,zinbwave,scaledVar,KDEstat,24.57343053
HOSTEOSARCOMA,zinbwave,scaledVar,KDEstat,20.18561113
HPROSTATE,zinbwave,scaledVar,KDEstat,1.982593797
MBRAIN,zinbwave,scaledVar,KDEstat,279.7555707
MCATUMOR,zinbwave,scaledVar,KDEstat,-0.089903555
MCORTEX,zinbwave,scaledVar,KDEstat,5.928849956
MGASTRULA,zinbwave,scaledVar,KDEstat,8.033012873
MOBNEW,zinbwave,scaledVar,KDEstat,-0.235552107
MUSCLE,zinbwave,scaledVar,KDEstat,0.37507294
PDAC,zinbwave,scaledVar,KDEstat,4.700960343
BREAST,scDesign2,libsize,KDEstat,7.567933081
HOSTEOSARCOMA,scDesign2,libsize,KDEstat,0.253950469
HPROSTATE,scDesign2,libsize,KDEstat,0.869076217
MBRAIN,scDesign2,libsize,KDEstat,0.583146048
MCATUMOR,scDesign2,libsize,KDEstat,2.114708205
MCORTEX,scDesign2,libsize,KDEstat,1.854714043
MGASTRULA,scDesign2,libsize,KDEstat,27.52184782
MOBNEW,scDesign2,libsize,KDEstat,0.514421218
MUSCLE,scDesign2,libsize,KDEstat,1.738184907
PDAC,scDesign2,libsize,KDEstat,0.164276344
BREAST,scDesign3_gau,libsize,KDEstat,58.39436496
HOSTEOSARCOMA,scDesign3_gau,libsize,KDEstat,4.226999441
HPROSTATE,scDesign3_gau,libsize,KDEstat,7.345082181
MBRAIN,scDesign3_gau,libsize,KDEstat,23.72840414
MCATUMOR,scDesign3_gau,libsize,KDEstat,2.923163433
MCORTEX,scDesign3_gau,libsize,KDEstat,6.650344101
MGASTRULA,scDesign3_gau,libsize,KDEstat,97.74043793
MOBNEW,scDesign3_gau,libsize,KDEstat,1.234200784
MUSCLE,scDesign3_gau,libsize,KDEstat,11.37350563
PDAC,scDesign3_gau,libsize,KDEstat,18.82638254
BREAST,scDesign3_nb,libsize,KDEstat,5.741856796
HOSTEOSARCOMA,scDesign3_nb,libsize,KDEstat,0.667745533
HPROSTATE,scDesign3_nb,libsize,KDEstat,0.807254528
MBRAIN,scDesign3_nb,libsize,KDEstat,0.926614044
MCATUMOR,scDesign3_nb,libsize,KDEstat,0.037234319
MCORTEX,scDesign3_nb,libsize,KDEstat,0.861562346
MGASTRULA,scDesign3_nb,libsize,KDEstat,23.28063069
MOBNEW,scDesign3_nb,libsize,KDEstat,-0.021847565
MUSCLE,scDesign3_nb,libsize,KDEstat,5.845072445
PDAC,scDesign3_nb,libsize,KDEstat,0.190561997
BREAST,scDesign3_poi,libsize,KDEstat,11.71212467
HOSTEOSARCOMA,scDesign3_poi,libsize,KDEstat,8.190435682
HPROSTATE,scDesign3_poi,libsize,KDEstat,0.107846477
MBRAIN,scDesign3_poi,libsize,KDEstat,33.29910435
MCATUMOR,scDesign3_poi,libsize,KDEstat,0.270357501
MCORTEX,scDesign3_poi,libsize,KDEstat,1.844742405
MGASTRULA,scDesign3_poi,libsize,KDEstat,36.63221984
MOBNEW,scDesign3_poi,libsize,KDEstat,1.954134336
MUSCLE,scDesign3_poi,libsize,KDEstat,78.54152219
PDAC,scDesign3_poi,libsize,KDEstat,-0.019896579
BREAST,SPARsim,libsize,KDEstat,-4.084677582
HOSTEOSARCOMA,SPARsim,libsize,KDEstat,-0.737812658
HPROSTATE,SPARsim,libsize,KDEstat,-0.4825973
MBRAIN,SPARsim,libsize,KDEstat,-0.511311788
MCATUMOR,SPARsim,libsize,KDEstat,-0.979600668
MCORTEX,SPARsim,libsize,KDEstat,-0.637500626
MGASTRULA,SPARsim,libsize,KDEstat,-0.849616727
MOBNEW,SPARsim,libsize,KDEstat,-2.564703696
MUSCLE,SPARsim,libsize,KDEstat,-1.587586702
PDAC,SPARsim,libsize,KDEstat,-0.511994868
BREAST,splatter,libsize,KDEstat,0.156126951
HOSTEOSARCOMA,splatter,libsize,KDEstat,1.367864141
HPROSTATE,splatter,libsize,KDEstat,-0.120790924
MBRAIN,splatter,libsize,KDEstat,2.603370058
MCATUMOR,splatter,libsize,KDEstat,-0.385505651
MCORTEX,splatter,libsize,KDEstat,0.493470248
MGASTRULA,splatter,libsize,KDEstat,8.09222266
MOBNEW,splatter,libsize,KDEstat,1.019839197
MUSCLE,splatter,libsize,KDEstat,0.468615954
PDAC,splatter,libsize,KDEstat,-0.006933879
BREAST,SRTsim,libsize,KDEstat,-1.582010226
HOSTEOSARCOMA,SRTsim,libsize,KDEstat,-0.694195856
HPROSTATE,SRTsim,libsize,KDEstat,-0.38815945
MBRAIN,SRTsim,libsize,KDEstat,0.064600868
MCATUMOR,SRTsim,libsize,KDEstat,-0.947914837
MCORTEX,SRTsim,libsize,KDEstat,-0.611712547
MGASTRULA,SRTsim,libsize,KDEstat,-0.261441903
MOBNEW,SRTsim,libsize,KDEstat,-2.172406052
MUSCLE,SRTsim,libsize,KDEstat,-0.990349901
PDAC,SRTsim,libsize,KDEstat,-0.466787466
BREAST,symsim,libsize,KDEstat,13.35316619
HOSTEOSARCOMA,symsim,libsize,KDEstat,12.27348014
HPROSTATE,symsim,libsize,KDEstat,1.388888206
MBRAIN,symsim,libsize,KDEstat,37.45431773
MCATUMOR,symsim,libsize,KDEstat,38.58470582
MCORTEX,symsim,libsize,KDEstat,2.039655285
MGASTRULA,symsim,libsize,KDEstat,48.75965022
MOBNEW,symsim,libsize,KDEstat,13.66573557
MUSCLE,symsim,libsize,KDEstat,42.50645311
PDAC,symsim,libsize,KDEstat,1.999900964
BREAST,zinbwave,libsize,KDEstat,-1.3074474
HOSTEOSARCOMA,zinbwave,libsize,KDEstat,-0.278586029
HPROSTATE,zinbwave,libsize,KDEstat,-0.45178945
MBRAIN,zinbwave,libsize,KDEstat,-0.181370338
MCATUMOR,zinbwave,libsize,KDEstat,-0.946414826
MCORTEX,zinbwave,libsize,KDEstat,-0.542195191
MGASTRULA,zinbwave,libsize,KDEstat,1.124766013
MOBNEW,zinbwave,libsize,KDEstat,-2.915754048
MUSCLE,zinbwave,libsize,KDEstat,-1.538746696
PDAC,zinbwave,libsize,KDEstat,-0.364431378
BREAST,scDesign2,libFracZero,KDEstat,11.31880201
HOSTEOSARCOMA,scDesign2,libFracZero,KDEstat,3.586316769
HPROSTATE,scDesign2,libFracZero,KDEstat,3.72824005
MBRAIN,scDesign2,libFracZero,KDEstat,4.639588965
MCATUMOR,scDesign2,libFracZero,KDEstat,1.39787315
MCORTEX,scDesign2,libFracZero,KDEstat,7.813451387
MGASTRULA,scDesign2,libFracZero,KDEstat,16.3457553
MOBNEW,scDesign2,libFracZero,KDEstat,-0.537296918
MUSCLE,scDesign2,libFracZero,KDEstat,5.219828193
PDAC,scDesign2,libFracZero,KDEstat,4.030932462
BREAST,scDesign3_gau,libFracZero,KDEstat,99.91137885
HOSTEOSARCOMA,scDesign3_gau,libFracZero,KDEstat,17.81075009
HPROSTATE,scDesign3_gau,libFracZero,KDEstat,14.7411753
MBRAIN,scDesign3_gau,libFracZero,KDEstat,35.81630737
MCATUMOR,scDesign3_gau,libFracZero,KDEstat,55.29667802
MCORTEX,scDesign3_gau,libFracZero,KDEstat,33.90328973
MGASTRULA,scDesign3_gau,libFracZero,KDEstat,124.4333027
MOBNEW,scDesign3_gau,libFracZero,KDEstat,26.10001396
MUSCLE,scDesign3_gau,libFracZero,KDEstat,24.25800015
PDAC,scDesign3_gau,libFracZero,KDEstat,20.06087312
BREAST,scDesign3_nb,libFracZero,KDEstat,2.876588953
HOSTEOSARCOMA,scDesign3_nb,libFracZero,KDEstat,1.400906776
HPROSTATE,scDesign3_nb,libFracZero,KDEstat,1.92577267
MBRAIN,scDesign3_nb,libFracZero,KDEstat,8.015501644
MCATUMOR,scDesign3_nb,libFracZero,KDEstat,0.558101273
MCORTEX,scDesign3_nb,libFracZero,KDEstat,6.910569577
MGASTRULA,scDesign3_nb,libFracZero,KDEstat,13.30979378
MOBNEW,scDesign3_nb,libFracZero,KDEstat,-0.196766414
MUSCLE,scDesign3_nb,libFracZero,KDEstat,10.21993168
PDAC,scDesign3_nb,libFracZero,KDEstat,0.607100531
BREAST,scDesign3_poi,libFracZero,KDEstat,16.22446633
HOSTEOSARCOMA,scDesign3_poi,libFracZero,KDEstat,21.04268245
HPROSTATE,scDesign3_poi,libFracZero,KDEstat,2.120187424
MBRAIN,scDesign3_poi,libFracZero,KDEstat,41.66976258
MCATUMOR,scDesign3_poi,libFracZero,KDEstat,9.172038507
MCORTEX,scDesign3_poi,libFracZero,KDEstat,34.03990774
MGASTRULA,scDesign3_poi,libFracZero,KDEstat,32.41160819
MOBNEW,scDesign3_poi,libFracZero,KDEstat,1.83805107
MUSCLE,scDesign3_poi,libFracZero,KDEstat,19.70313721
PDAC,scDesign3_poi,libFracZero,KDEstat,0.59128964
BREAST,SPARsim,libFracZero,KDEstat,57.4605649
HOSTEOSARCOMA,SPARsim,libFracZero,KDEstat,4.910356969
HPROSTATE,SPARsim,libFracZero,KDEstat,1.049771417
MBRAIN,SPARsim,libFracZero,KDEstat,29.36560017
MCATUMOR,SPARsim,libFracZero,KDEstat,4.42684469
MCORTEX,SPARsim,libFracZero,KDEstat,5.671160812
MGASTRULA,SPARsim,libFracZero,KDEstat,4.633827467
MOBNEW,SPARsim,libFracZero,KDEstat,-1.040708521
MUSCLE,SPARsim,libFracZero,KDEstat,4.393086222
PDAC,SPARsim,libFracZero,KDEstat,-0.113900276
BREAST,splatter,libFracZero,KDEstat,90.8947375
HOSTEOSARCOMA,splatter,libFracZero,KDEstat,3.609741219
HPROSTATE,splatter,libFracZero,KDEstat,1.444775912
MBRAIN,splatter,libFracZero,KDEstat,7.696978089
MCATUMOR,splatter,libFracZero,KDEstat,40.09794737
MCORTEX,splatter,libFracZero,KDEstat,14.58209065
MGASTRULA,splatter,libFracZero,KDEstat,56.94142375
MOBNEW,splatter,libFracZero,KDEstat,20.39265734
MUSCLE,splatter,libFracZero,KDEstat,25.61847368
PDAC,splatter,libFracZero,KDEstat,12.02788462
BREAST,SRTsim,libFracZero,KDEstat,3.479588327
HOSTEOSARCOMA,SRTsim,libFracZero,KDEstat,1.912708496
HPROSTATE,SRTsim,libFracZero,KDEstat,0.963361873
MBRAIN,SRTsim,libFracZero,KDEstat,1.535830542
MCATUMOR,SRTsim,libFracZero,KDEstat,-0.399333893
MCORTEX,SRTsim,libFracZero,KDEstat,-0.273934876
MGASTRULA,SRTsim,libFracZero,KDEstat,-0.245973956
MOBNEW,SRTsim,libFracZero,KDEstat,-1.108965589
MUSCLE,SRTsim,libFracZero,KDEstat,1.347976247
PDAC,SRTsim,libFracZero,KDEstat,0.530125576
BREAST,symsim,libFracZero,KDEstat,52.59654614
HOSTEOSARCOMA,symsim,libFracZero,KDEstat,35.94031751
HPROSTATE,symsim,libFracZero,KDEstat,3.076555884
MBRAIN,symsim,libFracZero,KDEstat,27.87041256
MCATUMOR,symsim,libFracZero,KDEstat,23.54183019
MCORTEX,symsim,libFracZero,KDEstat,15.76428007
MGASTRULA,symsim,libFracZero,KDEstat,45.1459092
MOBNEW,symsim,libFracZero,KDEstat,30.26619005
MUSCLE,symsim,libFracZero,KDEstat,22.80976856
PDAC,symsim,libFracZero,KDEstat,3.774715999
BREAST,zinbwave,libFracZero,KDEstat,0.328992763
HOSTEOSARCOMA,zinbwave,libFracZero,KDEstat,1.751606616
HPROSTATE,zinbwave,libFracZero,KDEstat,-0.367543557
MBRAIN,zinbwave,libFracZero,KDEstat,5.015758472
MCATUMOR,zinbwave,libFracZero,KDEstat,0.016834603
MCORTEX,zinbwave,libFracZero,KDEstat,-0.58156826
MGASTRULA,zinbwave,libFracZero,KDEstat,1.672455587
MOBNEW,zinbwave,libFracZero,KDEstat,-0.97865391
MUSCLE,zinbwave,libFracZero,KDEstat,-0.93822127
PDAC,zinbwave,libFracZero,KDEstat,0.271819709
BREAST,scDesign2,fracZero,KDEstat,17.69405802
HOSTEOSARCOMA,scDesign2,fracZero,KDEstat,0.566049626
HPROSTATE,scDesign2,fracZero,KDEstat,2.03898553
MBRAIN,scDesign2,fracZero,KDEstat,6.047109782
MCATUMOR,scDesign2,fracZero,KDEstat,3.339718957
MCORTEX,scDesign2,fracZero,KDEstat,5.437709434
MGASTRULA,scDesign2,fracZero,KDEstat,14.35546404
MOBNEW,scDesign2,fracZero,KDEstat,-0.740776218
MUSCLE,scDesign2,fracZero,KDEstat,1.768096982
PDAC,scDesign2,fracZero,KDEstat,0.643169386
BREAST,scDesign3_gau,fracZero,KDEstat,241.8864108
HOSTEOSARCOMA,scDesign3_gau,fracZero,KDEstat,18.40503301
HPROSTATE,scDesign3_gau,fracZero,KDEstat,14.89180396
MBRAIN,scDesign3_gau,fracZero,KDEstat,82.00310324
MCATUMOR,scDesign3_gau,fracZero,KDEstat,83.48519741
MCORTEX,scDesign3_gau,fracZero,KDEstat,43.58113674
MGASTRULA,scDesign3_gau,fracZero,KDEstat,159.2541722
MOBNEW,scDesign3_gau,fracZero,KDEstat,20.3929877
MUSCLE,scDesign3_gau,fracZero,KDEstat,32.1804116
PDAC,scDesign3_gau,fracZero,KDEstat,18.00738169
BREAST,scDesign3_nb,fracZero,KDEstat,5.363126908
HOSTEOSARCOMA,scDesign3_nb,fracZero,KDEstat,0.228400303
HPROSTATE,scDesign3_nb,fracZero,KDEstat,0.861111798
MBRAIN,scDesign3_nb,fracZero,KDEstat,2.35252577
MCATUMOR,scDesign3_nb,fracZero,KDEstat,1.579370819
MCORTEX,scDesign3_nb,fracZero,KDEstat,20.33130046
MGASTRULA,scDesign3_nb,fracZero,KDEstat,9.526745711
MOBNEW,scDesign3_nb,fracZero,KDEstat,-0.06954596
MUSCLE,scDesign3_nb,fracZero,KDEstat,2.91399346
PDAC,scDesign3_nb,fracZero,KDEstat,0.27220202
BREAST,scDesign3_poi,fracZero,KDEstat,15.18077138
HOSTEOSARCOMA,scDesign3_poi,fracZero,KDEstat,18.61263249
HPROSTATE,scDesign3_poi,fracZero,KDEstat,0.08575344
MBRAIN,scDesign3_poi,fracZero,KDEstat,55.23746506
MCATUMOR,scDesign3_poi,fracZero,KDEstat,7.31793508
MCORTEX,scDesign3_poi,fracZero,KDEstat,50.06290495
MGASTRULA,scDesign3_poi,fracZero,KDEstat,24.46827854
MOBNEW,scDesign3_poi,fracZero,KDEstat,0.296506124
MUSCLE,scDesign3_poi,fracZero,KDEstat,14.43730518
PDAC,scDesign3_poi,fracZero,KDEstat,-0.092390991
BREAST,SPARsim,fracZero,KDEstat,17.72415196
HOSTEOSARCOMA,SPARsim,fracZero,KDEstat,2.912653504
HPROSTATE,SPARsim,fracZero,KDEstat,0.008693587
MBRAIN,SPARsim,fracZero,KDEstat,15.76682276
MCATUMOR,SPARsim,fracZero,KDEstat,-0.909594413
MCORTEX,SPARsim,fracZero,KDEstat,2.422078466
MGASTRULA,SPARsim,fracZero,KDEstat,1.594036622
MOBNEW,SPARsim,fracZero,KDEstat,-0.438778923
MUSCLE,SPARsim,fracZero,KDEstat,-0.115402228
PDAC,SPARsim,fracZero,KDEstat,-0.211331702
BREAST,splatter,fracZero,KDEstat,37.06248873
HOSTEOSARCOMA,splatter,fracZero,KDEstat,1.586111218
HPROSTATE,splatter,fracZero,KDEstat,-0.011694687
MBRAIN,splatter,fracZero,KDEstat,6.967944469
MCATUMOR,splatter,fracZero,KDEstat,12.74733501
MCORTEX,splatter,fracZero,KDEstat,4.530322147
MGASTRULA,splatter,fracZero,KDEstat,12.84899589
MOBNEW,splatter,fracZero,KDEstat,10.42265571
MUSCLE,splatter,fracZero,KDEstat,2.539440766
PDAC,splatter,fracZero,KDEstat,0.146383952
BREAST,SRTsim,fracZero,KDEstat,-0.250134456
HOSTEOSARCOMA,SRTsim,fracZero,KDEstat,0.918727212
HPROSTATE,SRTsim,fracZero,KDEstat,-0.150505338
MBRAIN,SRTsim,fracZero,KDEstat,-0.106415143
MCATUMOR,SRTsim,fracZero,KDEstat,-2.072421695
MCORTEX,SRTsim,fracZero,KDEstat,-5.097856693
MGASTRULA,SRTsim,fracZero,KDEstat,-0.264422329
MOBNEW,SRTsim,fracZero,KDEstat,-1.233252024
MUSCLE,SRTsim,fracZero,KDEstat,-0.274121941
PDAC,SRTsim,fracZero,KDEstat,-0.208472936
BREAST,symsim,fracZero,KDEstat,50.43578379
HOSTEOSARCOMA,symsim,fracZero,KDEstat,19.34915139
HPROSTATE,symsim,fracZero,KDEstat,0.64379929
MBRAIN,symsim,fracZero,KDEstat,49.44808405
MCATUMOR,symsim,fracZero,KDEstat,46.82558035
MCORTEX,symsim,fracZero,KDEstat,14.52160979
MGASTRULA,symsim,fracZero,KDEstat,6.383955985
MOBNEW,symsim,fracZero,KDEstat,4.815934459
MUSCLE,symsim,fracZero,KDEstat,4.814828315
PDAC,symsim,fracZero,KDEstat,1.140184287
BREAST,zinbwave,fracZero,KDEstat,0.137060981
HOSTEOSARCOMA,zinbwave,fracZero,KDEstat,-0.092352076
HPROSTATE,zinbwave,fracZero,KDEstat,-0.297861571
MBRAIN,zinbwave,fracZero,KDEstat,0.631316175
MCATUMOR,zinbwave,fracZero,KDEstat,-0.245103003
MCORTEX,zinbwave,fracZero,KDEstat,-21.18185622
MGASTRULA,zinbwave,fracZero,KDEstat,-0.089435963
MOBNEW,zinbwave,fracZero,KDEstat,-0.492816711
MUSCLE,zinbwave,fracZero,KDEstat,-0.284414582
PDAC,zinbwave,fracZero,KDEstat,-0.227970394
HOSTEOSARCOMA,scDesign2,svg,recall,0.617486339
HOSTEOSARCOMA,scDesign3_gau,svg,recall,0.661202186
HOSTEOSARCOMA,scDesign3_nb,svg,recall,0.841530055
HOSTEOSARCOMA,scDesign3_poi,svg,recall,1
HOSTEOSARCOMA,SPARsim,svg,recall,0
HOSTEOSARCOMA,splatter,svg,recall,0.027322404
HOSTEOSARCOMA,SRTsim,svg,recall,0.890710383
HOSTEOSARCOMA,symsim,svg,recall,0
HOSTEOSARCOMA,zinbwave,svg,recall,0
HPROSTATE,scDesign2,svg,recall,0
HPROSTATE,scDesign3_gau,svg,recall,0.615384615
HPROSTATE,scDesign3_nb,svg,recall,0.615384615
HPROSTATE,scDesign3_poi,svg,recall,0.758241758
HPROSTATE,SPARsim,svg,recall,0.230769231
HPROSTATE,splatter,svg,recall,0
HPROSTATE,SRTsim,svg,recall,0.571428571
HPROSTATE,symsim,svg,recall,0.043956044
HPROSTATE,zinbwave,svg,recall,0.582417582
MCATUMOR,scDesign2,svg,recall,0
MCATUMOR,scDesign3_gau,svg,recall,0.987164527
MCATUMOR,scDesign3_nb,svg,recall,0.988331389
MCATUMOR,scDesign3_poi,svg,recall,0.994165694
MCATUMOR,SPARsim,svg,recall,0.976662777
MCATUMOR,splatter,svg,recall,0.995332555
MCATUMOR,SRTsim,svg,recall,0.987164527
MCATUMOR,symsim,svg,recall,0.84714119
MCATUMOR,zinbwave,svg,recall,0.974329055
MCORTEX,scDesign2,svg,recall,0.409313725
MCORTEX,scDesign3_gau,svg,recall,0.742647059
MCORTEX,scDesign3_nb,svg,recall,0.786764706
MCORTEX,scDesign3_poi,svg,recall,0.960784314
MCORTEX,SPARsim,svg,recall,0.541666667
MCORTEX,splatter,svg,recall,0.191176471
MCORTEX,SRTsim,svg,recall,0.87745098
MCORTEX,symsim,svg,recall,0.093137255
MCORTEX,zinbwave,svg,recall,0.512254902
MGASTRULA,scDesign2,svg,recall,0.882857143
MGASTRULA,scDesign3_gau,svg,recall,0.988571429
MGASTRULA,scDesign3_nb,svg,recall,1
MGASTRULA,scDesign3_poi,svg,recall,1
MGASTRULA,SPARsim,svg,recall,0.82
MGASTRULA,splatter,svg,recall,0.94
MGASTRULA,SRTsim,svg,recall,0.997142857
MGASTRULA,symsim,svg,recall,0.32
MGASTRULA,zinbwave,svg,recall,0.637142857
MOBNEW,scDesign2,svg,recall,0.739130435
MOBNEW,scDesign3_gau,svg,recall,0.826086957
MOBNEW,scDesign3_nb,svg,recall,0.652173913
MOBNEW,scDesign3_poi,svg,recall,0.913043478
MOBNEW,SPARsim,svg,recall,0.695652174
MOBNEW,splatter,svg,recall,0.391304348
MOBNEW,SRTsim,svg,recall,0.869565217
MOBNEW,symsim,svg,recall,0.086956522
MOBNEW,zinbwave,svg,recall,0.043478261
MUSCLE,scDesign2,svg,recall,0
MUSCLE,scDesign3_gau,svg,recall,0
MUSCLE,scDesign3_nb,svg,recall,0
MUSCLE,scDesign3_poi,svg,recall,0
MUSCLE,SPARsim,svg,recall,0
MUSCLE,splatter,svg,recall,0
MUSCLE,SRTsim,svg,recall,0
MUSCLE,symsim,svg,recall,0
MUSCLE,zinbwave,svg,recall,0
PDAC,scDesign2,svg,recall,0.786842105
PDAC,scDesign3_gau,svg,recall,0.989473684
PDAC,scDesign3_nb,svg,recall,0.813157895
PDAC,scDesign3_poi,svg,recall,0.871052632
PDAC,SPARsim,svg,recall,0.642105263
PDAC,splatter,svg,recall,0.136842105
PDAC,SRTsim,svg,recall,0.844736842
PDAC,symsim,svg,recall,0.615789474
PDAC,zinbwave,svg,recall,0.860526316
BREAST,scDesign2,svg,precision,0.893660532
BREAST,scDesign3_gau,svg,precision,0.939958592
BREAST,scDesign3_nb,svg,precision,0.946169772
BREAST,scDesign3_poi,svg,precision,0.88657845
BREAST,SPARsim,svg,precision,0.839816934
BREAST,splatter,svg,precision,0.47309417
BREAST,SRTsim,svg,precision,0.966873706
BREAST,symsim,svg,precision,0.372093023
BREAST,zinbwave,svg,precision,0.939732143
HOSTEOSARCOMA,scDesign2,svg,precision,0.243010753
HOSTEOSARCOMA,scDesign3_gau,svg,precision,0.584541063
HOSTEOSARCOMA,scDesign3_nb,svg,precision,0.425414365
HOSTEOSARCOMA,scDesign3_poi,svg,precision,0.237971391
HOSTEOSARCOMA,SPARsim,svg,precision,0
HOSTEOSARCOMA,splatter,svg,precision,0.3125
HOSTEOSARCOMA,SRTsim,svg,precision,0.799019608
HOSTEOSARCOMA,symsim,svg,precision,0
HOSTEOSARCOMA,zinbwave,svg,precision,0
HPROSTATE,scDesign2,svg,precision,0
HPROSTATE,scDesign3_gau,svg,precision,0.854961832
HPROSTATE,scDesign3_nb,svg,precision,0.708860759
HPROSTATE,scDesign3_poi,svg,precision,0.754098361
HPROSTATE,SPARsim,svg,precision,0.403846154
HPROSTATE,splatter,svg,precision,0
HPROSTATE,SRTsim,svg,precision,0.881355932
HPROSTATE,symsim,svg,precision,0.163265306
HPROSTATE,zinbwave,svg,precision,0.658385093
MCATUMOR,scDesign2,svg,precision,0
MCATUMOR,scDesign3_gau,svg,precision,0.984866123
MCATUMOR,scDesign3_nb,svg,precision,0.981460023
MCATUMOR,scDesign3_poi,svg,precision,0.970387244
MCATUMOR,SPARsim,svg,precision,0.982394366
MCATUMOR,splatter,svg,precision,0.856425703
MCATUMOR,SRTsim,svg,precision,0.989473684
MCATUMOR,symsim,svg,precision,0.853113984
MCATUMOR,zinbwave,svg,precision,0.976608187
MCORTEX,scDesign2,svg,precision,0.759090909
MCORTEX,scDesign3_gau,svg,precision,0.875722543
MCORTEX,scDesign3_nb,svg,precision,0.808564232
MCORTEX,scDesign3_poi,svg,precision,0.6272
MCORTEX,SPARsim,svg,precision,0.697160883
MCORTEX,splatter,svg,precision,0.410526316
MCORTEX,SRTsim,svg,precision,0.917948718
MCORTEX,symsim,svg,precision,0.452380952
MCORTEX,zinbwave,svg,precision,0.629518072
MGASTRULA,scDesign2,svg,precision,0.996774194
MGASTRULA,scDesign3_gau,svg,precision,1
MGASTRULA,scDesign3_nb,svg,precision,1
MGASTRULA,scDesign3_poi,svg,precision,1
MGASTRULA,SPARsim,svg,precision,0.996527778
MGASTRULA,splatter,svg,precision,0.996969697
MGASTRULA,SRTsim,svg,precision,0.997142857
MGASTRULA,symsim,svg,precision,1
MGASTRULA,zinbwave,svg,precision,0.995535714
MOBNEW,scDesign2,svg,precision,0.382022472
MOBNEW,scDesign3_gau,svg,precision,0.904761905
MOBNEW,scDesign3_nb,svg,precision,0.967741935
MOBNEW,scDesign3_poi,svg,precision,0.646153846
MOBNEW,SPARsim,svg,precision,0.842105263
MOBNEW,splatter,svg,precision,0.310344828
MOBNEW,SRTsim,svg,precision,0.869565217
MOBNEW,symsim,svg,precision,0.5
MOBNEW,zinbwave,svg,precision,0.666666667
MUSCLE,scDesign2,svg,precision,0
MUSCLE,scDesign3_gau,svg,precision,0
MUSCLE,scDesign3_nb,svg,precision,0
MUSCLE,scDesign3_poi,svg,precision,0
MUSCLE,SPARsim,svg,precision,0
MUSCLE,splatter,svg,precision,0
MUSCLE,SRTsim,svg,precision,0
MUSCLE,symsim,svg,precision,0
MUSCLE,zinbwave,svg,precision,0
PDAC,scDesign2,svg,precision,0.856733524
PDAC,scDesign3_gau,svg,precision,0.705440901
PDAC,scDesign3_nb,svg,precision,0.908823529
PDAC,scDesign3_poi,svg,precision,0.914364641
PDAC,SPARsim,svg,precision,0.917293233
PDAC,splatter,svg,precision,0.390977444
PDAC,SRTsim,svg,precision,0.838120104
PDAC,symsim,svg,precision,0.376205788
PDAC,zinbwave,svg,precision,0.760465116
BREAST,scDesign2,crosscor,cosine,0.910941114
BREAST,scDesign3_gau,crosscor,cosine,0.844912877
BREAST,scDesign3_nb,crosscor,cosine,0.979914187
BREAST,scDesign3_poi,crosscor,cosine,0.98312562
BREAST,SPARsim,crosscor,cosine,0.511284624
BREAST,splatter,crosscor,cosine,0.501770804
BREAST,SRTsim,crosscor,cosine,0.995144529
BREAST,symsim,crosscor,cosine,0.503505823
BREAST,zinbwave,crosscor,cosine,0.849291784
HOSTEOSARCOMA,scDesign2,crosscor,cosine,0.705946823
HOSTEOSARCOMA,scDesign3_gau,crosscor,cosine,0.775671368
HOSTEOSARCOMA,scDesign3_nb,crosscor,cosine,0.83555747
HOSTEOSARCOMA,scDesign3_poi,crosscor,cosine,0.927027202
HOSTEOSARCOMA,SPARsim,crosscor,cosine,0.6463719
HOSTEOSARCOMA,splatter,crosscor,cosine,0.504904192
HOSTEOSARCOMA,SRTsim,crosscor,cosine,0.976631334
HOSTEOSARCOMA,symsim,crosscor,cosine,0.487147068
HOSTEOSARCOMA,zinbwave,crosscor,cosine,0.595481952
HPROSTATE,scDesign2,crosscor,cosine,0.505356101
HPROSTATE,scDesign3_gau,crosscor,cosine,0.529710393
HPROSTATE,scDesign3_nb,crosscor,cosine,0.657497453
HPROSTATE,scDesign3_poi,crosscor,cosine,0.75132838
HPROSTATE,SPARsim,crosscor,cosine,0.577169007
HPROSTATE,splatter,crosscor,cosine,0.545406315
HPROSTATE,SRTsim,crosscor,cosine,0.732768488
HPROSTATE,symsim,crosscor,cosine,0.539286963
HPROSTATE,zinbwave,crosscor,cosine,0.651651723
MBRAIN,scDesign2,crosscor,cosine,0.459139574
MBRAIN,scDesign3_gau,crosscor,cosine,0.530386564
MBRAIN,scDesign3_nb,crosscor,cosine,0.543683231
MBRAIN,scDesign3_poi,crosscor,cosine,0.559724011
MBRAIN,SPARsim,crosscor,cosine,0.506575577
MBRAIN,splatter,crosscor,cosine,0.499163982
MBRAIN,SRTsim,crosscor,cosine,0.942479904
MBRAIN,symsim,crosscor,cosine,0.502881172
MBRAIN,zinbwave,crosscor,cosine,0.49864113
MCATUMOR,scDesign2,crosscor,cosine,0.470572866
MCATUMOR,scDesign3_gau,crosscor,cosine,0.791295907
MCATUMOR,scDesign3_nb,crosscor,cosine,0.925681029
MCATUMOR,scDesign3_poi,crosscor,cosine,0.923163704
MCATUMOR,SPARsim,crosscor,cosine,0.938943153
MCATUMOR,splatter,crosscor,cosine,0.503856383
MCATUMOR,SRTsim,crosscor,cosine,0.934207476
MCATUMOR,symsim,crosscor,cosine,0.551993005
MCATUMOR,zinbwave,crosscor,cosine,0.775377717
MCORTEX,scDesign2,crosscor,cosine,0.748771308
MCORTEX,scDesign3_gau,crosscor,cosine,0.837368547
MCORTEX,scDesign3_nb,crosscor,cosine,0.867440979
MCORTEX,scDesign3_poi,crosscor,cosine,0.904893996
MCORTEX,SPARsim,crosscor,cosine,0.758578562
MCORTEX,splatter,crosscor,cosine,0.502776298
MCORTEX,SRTsim,crosscor,cosine,0.940565503
MCORTEX,symsim,crosscor,cosine,0.524417941
MCORTEX,zinbwave,crosscor,cosine,0.694785162
MGASTRULA,scDesign2,crosscor,cosine,0.866601549
MGASTRULA,scDesign3_gau,crosscor,cosine,0.975509637
MGASTRULA,scDesign3_nb,crosscor,cosine,0.990258198
MGASTRULA,scDesign3_poi,crosscor,cosine,0.988654235
MGASTRULA,SPARsim,crosscor,cosine,0.662251476
MGASTRULA,splatter,crosscor,cosine,0.50857864
MGASTRULA,SRTsim,crosscor,cosine,0.99743152
MGASTRULA,symsim,crosscor,cosine,0.514598659
MGASTRULA,zinbwave,crosscor,cosine,0.704139905
MOBNEW,scDesign2,crosscor,cosine,0.893681682
MOBNEW,scDesign3_gau,crosscor,cosine,0.857958155
MOBNEW,scDesign3_nb,crosscor,cosine,0.839198859
MOBNEW,scDesign3_poi,crosscor,cosine,0.92720356
MOBNEW,SPARsim,crosscor,cosine,0.907386681
MOBNEW,splatter,crosscor,cosine,0.501282275
MOBNEW,SRTsim,crosscor,cosine,0.972890072
MOBNEW,symsim,crosscor,cosine,0.49498331
MOBNEW,zinbwave,crosscor,cosine,0.621764672
MUSCLE,scDesign2,crosscor,cosine,0.319065191
MUSCLE,scDesign3_gau,crosscor,cosine,0.519073426
MUSCLE,scDesign3_nb,crosscor,cosine,0.53433073
MUSCLE,scDesign3_poi,crosscor,cosine,0.510882717
MUSCLE,SPARsim,crosscor,cosine,0.535858353
MUSCLE,splatter,crosscor,cosine,0.505317752
MUSCLE,SRTsim,crosscor,cosine,0.867544065
MUSCLE,symsim,crosscor,cosine,0.51573839
MUSCLE,zinbwave,crosscor,cosine,0.532494702
PDAC,scDesign2,crosscor,cosine,0.678196798
PDAC,scDesign3_gau,crosscor,cosine,0.584722003
PDAC,scDesign3_nb,crosscor,cosine,0.725688912
PDAC,scDesign3_poi,crosscor,cosine,0.775304659
PDAC,SPARsim,crosscor,cosine,0.769068521
PDAC,splatter,crosscor,cosine,0.587750185
PDAC,SRTsim,crosscor,cosine,0.740291121
PDAC,symsim,crosscor,cosine,0.66422941
PDAC,zinbwave,crosscor,cosine,0.841266655
BREAST,scDesign2,crosscor,mantel,0.821593952
BREAST,scDesign3_gau,crosscor,mantel,0.706882314
BREAST,scDesign3_nb,crosscor,mantel,0.959355502
BREAST,scDesign3_poi,crosscor,mantel,0.965849932
BREAST,SPARsim,crosscor,mantel,0.015815329
BREAST,splatter,crosscor,mantel,0.000449757
BREAST,SRTsim,crosscor,mantel,0.990117043
BREAST,symsim,crosscor,mantel,0.000731586
BREAST,zinbwave,crosscor,mantel,0.696713349
HOSTEOSARCOMA,scDesign2,crosscor,mantel,0.411540431
HOSTEOSARCOMA,scDesign3_gau,crosscor,mantel,0.549419529
HOSTEOSARCOMA,scDesign3_nb,crosscor,mantel,0.668594839
HOSTEOSARCOMA,scDesign3_poi,crosscor,mantel,0.852907492
HOSTEOSARCOMA,SPARsim,crosscor,mantel,0.288454597
HOSTEOSARCOMA,splatter,crosscor,mantel,0.001729946
HOSTEOSARCOMA,SRTsim,crosscor,mantel,0.952614218
HOSTEOSARCOMA,symsim,crosscor,mantel,-0.00435383
HOSTEOSARCOMA,zinbwave,crosscor,mantel,0.177849541
HPROSTATE,scDesign2,crosscor,mantel,0.022421232
HPROSTATE,scDesign3_gau,crosscor,mantel,-0.185349311
HPROSTATE,scDesign3_nb,crosscor,mantel,0.294685528
HPROSTATE,scDesign3_poi,crosscor,mantel,0.457549227
HPROSTATE,SPARsim,crosscor,mantel,-0.021291636
HPROSTATE,splatter,crosscor,mantel,0.006789918
HPROSTATE,SRTsim,crosscor,mantel,0.404607147
HPROSTATE,symsim,crosscor,mantel,0.009392244
HPROSTATE,zinbwave,crosscor,mantel,0.149152865
MBRAIN,scDesign2,crosscor,mantel,-0.080630571
MBRAIN,scDesign3_gau,crosscor,mantel,0.060285945
MBRAIN,scDesign3_nb,crosscor,mantel,0.088253286
MBRAIN,scDesign3_poi,crosscor,mantel,0.122710822
MBRAIN,SPARsim,crosscor,mantel,0.013134798
MBRAIN,splatter,crosscor,mantel,-0.00174016
MBRAIN,SRTsim,crosscor,mantel,0.884930126
MBRAIN,symsim,crosscor,mantel,0.005361556
MBRAIN,zinbwave,crosscor,mantel,-0.003455934
MCATUMOR,scDesign2,crosscor,mantel,-0.054679822
MCATUMOR,scDesign3_gau,crosscor,mantel,0.56908478
MCATUMOR,scDesign3_nb,crosscor,mantel,0.855937035
MCATUMOR,scDesign3_poi,crosscor,mantel,0.851693352
MCATUMOR,SPARsim,crosscor,mantel,0.872480739
MCATUMOR,splatter,crosscor,mantel,-0.002219936
MCATUMOR,SRTsim,crosscor,mantel,0.869821257
MCATUMOR,symsim,crosscor,mantel,0.009466927
MCATUMOR,zinbwave,crosscor,mantel,0.519844899
MCORTEX,scDesign2,crosscor,mantel,0.491944058
MCORTEX,scDesign3_gau,crosscor,mantel,0.681540949
MCORTEX,scDesign3_nb,crosscor,mantel,0.739343594
MCORTEX,scDesign3_poi,crosscor,mantel,0.814019491
MCORTEX,SPARsim,crosscor,mantel,0.49509604
MCORTEX,splatter,crosscor,mantel,-0.004596029
MCORTEX,SRTsim,crosscor,mantel,0.883269781
MCORTEX,symsim,crosscor,mantel,0.002935333
MCORTEX,zinbwave,crosscor,mantel,0.358295858
MGASTRULA,scDesign2,crosscor,mantel,0.72977922
MGASTRULA,scDesign3_gau,crosscor,mantel,0.948968265
MGASTRULA,scDesign3_nb,crosscor,mantel,0.979668111
MGASTRULA,scDesign3_poi,crosscor,mantel,0.976533238
MGASTRULA,SPARsim,crosscor,mantel,0.314491783
MGASTRULA,splatter,crosscor,mantel,-0.000102953
MGASTRULA,SRTsim,crosscor,mantel,0.994603717
MGASTRULA,symsim,crosscor,mantel,-0.005907341
MGASTRULA,zinbwave,crosscor,mantel,0.397434455
MOBNEW,scDesign2,crosscor,mantel,0.78666935
MOBNEW,scDesign3_gau,crosscor,mantel,0.7121766
MOBNEW,scDesign3_nb,crosscor,mantel,0.673006598
MOBNEW,scDesign3_poi,crosscor,mantel,0.853403055
MOBNEW,SPARsim,crosscor,mantel,0.813825631
MOBNEW,splatter,crosscor,mantel,-0.002847353
MOBNEW,SRTsim,crosscor,mantel,0.945086644
MOBNEW,symsim,crosscor,mantel,-0.017286063
MOBNEW,zinbwave,crosscor,mantel,0.245279943
MUSCLE,scDesign2,crosscor,mantel,-0.338930025
MUSCLE,scDesign3_gau,crosscor,mantel,0.040520736
MUSCLE,scDesign3_nb,crosscor,mantel,0.071832077
MUSCLE,scDesign3_poi,crosscor,mantel,0.030389282
MUSCLE,SPARsim,crosscor,mantel,0.061042168
MUSCLE,splatter,crosscor,mantel,-0.000942437
MUSCLE,SRTsim,crosscor,mantel,0.735853441
MUSCLE,symsim,crosscor,mantel,0.000318531
MUSCLE,zinbwave,crosscor,mantel,0.047886918
PDAC,scDesign2,crosscor,mantel,0.320991271
PDAC,scDesign3_gau,crosscor,mantel,0.070336403
PDAC,scDesign3_nb,crosscor,mantel,0.441714451
PDAC,scDesign3_poi,crosscor,mantel,0.54912836
PDAC,SPARsim,crosscor,mantel,0.536275978
PDAC,splatter,crosscor,mantel,0.013072438
PDAC,SRTsim,crosscor,mantel,0.471269017
PDAC,symsim,crosscor,mantel,-0.025516245
PDAC,zinbwave,crosscor,mantel,0.583740387
200_200,SPARsim,40,memory,1.6
3000_500,SPARsim,1500,memory,3.5
500_500,SPARsim,250,memory,1.7
200_200,SRTsim,40,memory,2.1
3000_500,SRTsim,1500,memory,2.1
500_500,SRTsim,250,memory,2.1
200_200,scDesign2,40,memory,9.4
3000_500,scDesign2,1500,memory,8.9
500_500,scDesign2,250,memory,9.3
200_200,scDesign3_gau,40,memory,1.7
3000_500,scDesign3_gau,1500,memory,4
500_500,scDesign3_gau,250,memory,2.2
200_200,scDesign3_nb,40,memory,1.9
3000_500,scDesign3_nb,1500,memory,4.1
500_500,scDesign3_nb,250,memory,2.6
200_200,scDesign3_poi,40,memory,1.9
3000_500,scDesign3_poi,1500,memory,4.1
500_500,scDesign3_poi,250,memory,2.3
200_200,splatter,40,memory,2
3000_500,splatter,1500,memory,1.8
500_500,splatter,250,memory,1.7
200_200,symsim,40,memory,2.4
3000_500,symsim,1500,memory,2.5
500_500,symsim,250,memory,2.6
200_200,zinbwave,40,memory,13.6
3000_500,zinbwave,1500,memory,16.6
500_500,zinbwave,250,memory,14.1